frequency;V(/Different_topology/VOUT) (phase);V(/Different_topology/VOUT) (gain);
1;-6.54152e-11;140.001;
1.02329;-6.69389e-11;140.001;
1.04713;-6.84981e-11;140.001;
1.07152;-7.00936e-11;140.001;
1.09648;-7.17263e-11;140.001;
1.12202;-7.3397e-11;140.001;
1.14815;-7.51067e-11;140.001;
1.1749;-7.68561e-11;140.001;
1.20226;-7.86463e-11;140.001;
1.23027;-8.04782e-11;140.001;
1.25893;-8.23528e-11;140.001;
1.28825;-8.42711e-11;140.001;
1.31826;-8.6234e-11;140.001;
1.34896;-8.82426e-11;140.001;
1.38038;-9.02981e-11;140.001;
1.41254;-9.24014e-11;140.001;
1.44544;-9.45537e-11;140.001;
1.47911;-9.67561e-11;140.001;
1.51356;-9.90099e-11;140.001;
1.54882;-1.01316e-10;140.001;
1.58489;-1.03676e-10;140.001;
1.62181;-1.06091e-10;140.001;
1.65959;-1.08562e-10;140.001;
1.69824;-1.11091e-10;140.001;
1.7378;-1.13679e-10;140.001;
1.77828;-1.16326e-10;140.001;
1.8197;-1.19036e-10;140.001;
1.86209;-1.21809e-10;140.001;
1.90546;-1.24646e-10;140.001;
1.94984;-1.27549e-10;140.001;
1.99526;-1.3052e-10;140.001;
2.04174;-1.33561e-10;140.001;
2.0893;-1.36672e-10;140.001;
2.13796;-1.39855e-10;140.001;
2.18776;-1.43113e-10;140.001;
2.23872;-1.46446e-10;140.001;
2.29087;-1.49857e-10;140.001;
2.34423;-1.53348e-10;140.001;
2.39883;-1.5692e-10;140.001;
2.45471;-1.60575e-10;140.001;
2.51189;-1.64315e-10;140.001;
2.5704;-1.68143e-10;140.001;
2.63027;-1.72059e-10;140.001;
2.69153;-1.76067e-10;140.001;
2.75423;-1.80168e-10;140.001;
2.81838;-1.84365e-10;140.001;
2.88403;-1.88659e-10;140.001;
2.95121;-1.93054e-10;140.001;
3.01995;-1.97551e-10;140.001;
3.0903;-2.02152e-10;140.001;
3.16228;-2.06861e-10;140.001;
3.23594;-2.11679e-10;140.001;
3.31131;-2.1661e-10;140.001;
3.38844;-2.21655e-10;140.001;
3.46737;-2.26818e-10;140.001;
3.54813;-2.32102e-10;140.001;
3.63078;-2.37508e-10;140.001;
3.71535;-2.4304e-10;140.001;
3.80189;-2.48702e-10;140.001;
3.89045;-2.54495e-10;140.001;
3.98107;-2.60422e-10;140.001;
4.0738;-2.66488e-10;140.001;
4.16869;-2.72696e-10;140.001;
4.2658;-2.79048e-10;140.001;
4.36516;-2.85548e-10;140.001;
4.46684;-2.92199e-10;140.001;
4.57088;-2.99005e-10;140.001;
4.67735;-3.0597e-10;140.001;
4.7863;-3.13097e-10;140.001;
4.89779;-3.2039e-10;140.001;
5.01187;-3.27852e-10;140.001;
5.12861;-3.35489e-10;140.001;
5.24807;-3.43304e-10;140.001;
5.37032;-3.513e-10;140.001;
5.49541;-3.59483e-10;140.001;
5.62341;-3.67856e-10;140.001;
5.7544;-3.76425e-10;140.001;
5.88844;-3.85193e-10;140.001;
6.0256;-3.94165e-10;140.001;
6.16595;-4.03347e-10;140.001;
6.30957;-4.12742e-10;140.001;
6.45654;-4.22356e-10;140.001;
6.60693;-4.32194e-10;140.001;
6.76083;-4.42261e-10;140.001;
6.91831;-4.52562e-10;140.001;
7.07946;-4.63104e-10;140.001;
7.24436;-4.73891e-10;140.001;
7.4131;-4.84929e-10;140.001;
7.58578;-4.96225e-10;140.001;
7.76247;-5.07783e-10;140.001;
7.94328;-5.19611e-10;140.001;
8.12831;-5.31714e-10;140.001;
8.31764;-5.441e-10;140.001;
8.51138;-5.56773e-10;140.001;
8.70964;-5.69742e-10;140.001;
8.91251;-5.83013e-10;140.001;
9.12011;-5.96593e-10;140.001;
9.33254;-6.1049e-10;140.001;
9.54993;-6.2471e-10;140.001;
9.77237;-6.39261e-10;140.001;
10;-6.54152e-10;140.001;
10.2329;-6.69389e-10;140.001;
10.4713;-6.84981e-10;140.001;
10.7152;-7.00936e-10;140.001;
10.9648;-7.17263e-10;140.001;
11.2202;-7.3397e-10;140.001;
11.4815;-7.51066e-10;140.001;
11.749;-7.68561e-10;140.001;
12.0226;-7.86463e-10;140.001;
12.3027;-8.04782e-10;140.001;
12.5893;-8.23528e-10;140.001;
12.8825;-8.4271e-10;140.001;
13.1826;-8.6234e-10;140.001;
13.4896;-8.82426e-10;140.001;
13.8038;-9.0298e-10;140.001;
14.1254;-9.24014e-10;140.001;
14.4544;-9.45537e-10;140.001;
14.7911;-9.67561e-10;140.001;
15.1356;-9.90098e-10;140.001;
15.4882;-1.01316e-09;140.001;
15.8489;-1.03676e-09;140.001;
16.2181;-1.06091e-09;140.001;
16.5959;-1.08562e-09;140.001;
16.9824;-1.11091e-09;140.001;
17.378;-1.13678e-09;140.001;
17.7828;-1.16326e-09;140.001;
18.197;-1.19036e-09;140.001;
18.6209;-1.21809e-09;140.001;
19.0546;-1.24646e-09;140.001;
19.4984;-1.27549e-09;140.001;
19.9526;-1.3052e-09;140.001;
20.4174;-1.33561e-09;140.001;
20.893;-1.36672e-09;140.001;
21.3796;-1.39855e-09;140.001;
21.8776;-1.43113e-09;140.001;
22.3872;-1.46446e-09;140.001;
22.9087;-1.49857e-09;140.001;
23.4423;-1.53348e-09;140.001;
23.9883;-1.5692e-09;140.001;
24.5471;-1.60575e-09;140.001;
25.1189;-1.64315e-09;140.001;
25.704;-1.68143e-09;140.001;
26.3027;-1.72059e-09;140.001;
26.9153;-1.76067e-09;140.001;
27.5423;-1.80168e-09;140.001;
28.1838;-1.84365e-09;140.001;
28.8403;-1.88659e-09;140.001;
29.5121;-1.93054e-09;140.001;
30.1995;-1.9755e-09;140.001;
30.903;-2.02152e-09;140.001;
31.6228;-2.06861e-09;140.001;
32.3594;-2.11679e-09;140.001;
33.1131;-2.1661e-09;140.001;
33.8844;-2.21655e-09;140.001;
34.6737;-2.26818e-09;140.001;
35.4813;-2.32101e-09;140.001;
36.3078;-2.37508e-09;140.001;
37.1535;-2.4304e-09;140.001;
38.0189;-2.48701e-09;140.001;
38.9045;-2.54494e-09;140.001;
39.8107;-2.60422e-09;140.001;
40.738;-2.66488e-09;140.001;
41.6869;-2.72695e-09;140.001;
42.658;-2.79047e-09;140.001;
43.6516;-2.85547e-09;140.001;
44.6684;-2.92198e-09;140.001;
45.7088;-2.99004e-09;140.001;
46.7735;-3.05969e-09;140.001;
47.863;-3.13096e-09;140.001;
48.9779;-3.20389e-09;140.001;
50.1187;-3.27851e-09;140.001;
51.2861;-3.35488e-09;140.001;
52.4807;-3.43302e-09;140.001;
53.7032;-3.51299e-09;140.001;
54.9541;-3.59482e-09;140.001;
56.2341;-3.67855e-09;140.001;
57.544;-3.76423e-09;140.001;
58.8844;-3.85191e-09;140.001;
60.256;-3.94163e-09;140.001;
61.6595;-4.03345e-09;140.001;
63.0957;-4.1274e-09;140.001;
64.5654;-4.22353e-09;140.001;
66.0693;-4.32191e-09;140.001;
67.6083;-4.42258e-09;140.001;
69.1831;-4.52559e-09;140.001;
70.7946;-4.63101e-09;140.001;
72.4436;-4.73888e-09;140.001;
74.131;-4.84926e-09;140.001;
75.8578;-4.96221e-09;140.001;
77.6247;-5.07779e-09;140.001;
79.4328;-5.19607e-09;140.001;
81.2831;-5.3171e-09;140.001;
83.1764;-5.44094e-09;140.001;
85.1138;-5.56768e-09;140.001;
87.0964;-5.69736e-09;140.001;
89.1251;-5.83007e-09;140.001;
91.2011;-5.96587e-09;140.001;
93.3254;-6.10483e-09;140.001;
95.4993;-6.24702e-09;140.001;
97.7237;-6.39253e-09;140.001;
100;-6.54143e-09;140.001;
102.329;-6.69379e-09;140.001;
104.713;-6.84971e-09;140.001;
107.152;-7.00925e-09;140.001;
109.648;-7.17251e-09;140.001;
112.202;-7.33958e-09;140.001;
114.815;-7.51053e-09;140.001;
117.49;-7.68547e-09;140.001;
120.226;-7.86448e-09;140.001;
123.027;-8.04766e-09;140.001;
125.893;-8.2351e-09;140.001;
128.825;-8.42691e-09;140.001;
131.826;-8.62319e-09;140.001;
134.896;-8.82404e-09;140.001;
138.038;-9.02957e-09;140.001;
141.254;-9.23988e-09;140.001;
144.544;-9.4551e-09;140.001;
147.911;-9.67532e-09;140.001;
151.356;-9.90067e-09;140.001;
154.882;-1.01313e-08;140.001;
158.489;-1.03672e-08;140.001;
162.181;-1.06087e-08;140.001;
165.959;-1.08558e-08;140.001;
169.824;-1.11086e-08;140.001;
173.78;-1.13674e-08;140.001;
177.828;-1.16321e-08;140.001;
181.97;-1.19031e-08;140.001;
186.209;-1.21803e-08;140.001;
190.546;-1.2464e-08;140.001;
194.984;-1.27543e-08;140.001;
199.526;-1.30513e-08;140.001;
204.174;-1.33553e-08;140.001;
208.93;-1.36663e-08;140.001;
213.796;-1.39846e-08;140.001;
218.776;-1.43103e-08;140.001;
223.872;-1.46436e-08;140.001;
229.087;-1.49847e-08;140.001;
234.423;-1.53337e-08;140.001;
239.883;-1.56908e-08;140.001;
245.471;-1.60562e-08;140.001;
251.189;-1.64301e-08;140.001;
257.04;-1.68128e-08;140.001;
263.027;-1.72043e-08;140.001;
269.153;-1.7605e-08;140.001;
275.423;-1.8015e-08;140.001;
281.838;-1.84345e-08;140.001;
288.403;-1.88638e-08;140.001;
295.121;-1.93031e-08;140.001;
301.995;-1.97526e-08;140.001;
309.03;-2.02126e-08;140.001;
316.228;-2.06832e-08;140.001;
323.594;-2.11649e-08;140.001;
331.131;-2.16577e-08;140.001;
338.844;-2.2162e-08;140.001;
346.737;-2.26781e-08;140.001;
354.813;-2.32062e-08;140.001;
363.078;-2.37465e-08;140.001;
371.535;-2.42994e-08;140.001;
380.189;-2.48652e-08;140.001;
389.045;-2.54441e-08;140.001;
398.107;-2.60366e-08;140.001;
407.38;-2.66428e-08;140.001;
416.869;-2.72631e-08;140.001;
426.58;-2.78978e-08;140.001;
436.516;-2.85473e-08;140.001;
446.684;-2.92119e-08;140.001;
457.088;-2.98919e-08;140.001;
467.735;-3.05878e-08;140.001;
478.63;-3.12998e-08;140.001;
489.779;-3.20284e-08;140.001;
501.187;-3.27739e-08;140.001;
512.861;-3.35368e-08;140.001;
524.807;-3.43173e-08;140.001;
537.032;-3.51161e-08;140.001;
549.541;-3.59334e-08;140.001;
562.341;-3.67696e-08;140.001;
575.44;-3.76253e-08;140.001;
588.844;-3.85009e-08;140.001;
602.56;-3.93968e-08;140.001;
616.595;-4.03136e-08;140.001;
630.957;-4.12516e-08;140.001;
645.654;-4.22113e-08;140.001;
660.693;-4.31934e-08;140.001;
676.083;-4.41982e-08;140.001;
691.831;-4.52264e-08;140.001;
707.946;-4.62784e-08;140.001;
724.436;-4.73549e-08;140.001;
741.31;-4.84562e-08;140.001;
758.578;-4.95832e-08;140.001;
776.247;-5.07362e-08;140.001;
794.328;-5.1916e-08;140.001;
812.831;-5.31231e-08;140.001;
831.764;-5.43581e-08;140.001;
851.138;-5.56218e-08;140.001;
870.964;-5.69147e-08;140.001;
891.251;-5.82376e-08;140.001;
912.011;-5.9591e-08;140.001;
933.254;-6.09758e-08;140.001;
954.993;-6.23926e-08;140.001;
977.237;-6.38421e-08;140.001;
1000;-6.53251e-08;140.001;
1023.29;-6.68424e-08;140.001;
1047.13;-6.83947e-08;140.001;
1071.52;-6.99828e-08;140.001;
1096.48;-7.16076e-08;140.001;
1122.02;-7.32698e-08;140.001;
1148.15;-7.49703e-08;140.001;
1174.9;-7.671e-08;140.001;
1202.26;-7.84898e-08;140.001;
1230.27;-8.03105e-08;140.001;
1258.93;-8.21731e-08;140.001;
1288.25;-8.40785e-08;140.001;
1318.26;-8.60276e-08;140.001;
1348.96;-8.80215e-08;140.001;
1380.38;-9.00612e-08;140.001;
1412.54;-9.21475e-08;140.001;
1445.44;-9.42817e-08;140.001;
1479.11;-9.64647e-08;140.001;
1513.56;-9.86975e-08;140.001;
1548.82;-1.00981e-07;140.001;
1584.89;-1.03317e-07;140.001;
1621.81;-1.05707e-07;140.001;
1659.59;-1.0815e-07;140.001;
1698.24;-1.1065e-07;140.001;
1737.8;-1.13206e-07;140.001;
1778.28;-1.1582e-07;140.001;
1819.7;-1.18493e-07;140.001;
1862.09;-1.21227e-07;140.001;
1905.46;-1.24023e-07;140.001;
1949.84;-1.26882e-07;140.001;
1995.26;-1.29805e-07;140.001;
2041.74;-1.32794e-07;140.001;
2089.3;-1.3585e-07;140.001;
2137.96;-1.38975e-07;140.001;
2187.76;-1.4217e-07;140.001;
2238.72;-1.45436e-07;140.001;
2290.87;-1.48775e-07;140.001;
2344.23;-1.52188e-07;140.001;
2398.83;-1.55677e-07;140.001;
2454.71;-1.59243e-07;140.001;
2511.89;-1.62888e-07;140.001;
2570.4;-1.66613e-07;140.001;
2630.27;-1.7042e-07;140.001;
2691.53;-1.74311e-07;140.001;
2754.23;-1.78286e-07;140.001;
2818.38;-1.82349e-07;140.001;
2884.03;-1.86499e-07;140.001;
2951.21;-1.90739e-07;140.001;
3019.95;-1.9507e-07;140.001;
3090.3;-1.99494e-07;140.001;
3162.28;-2.04013e-07;140.001;
3235.94;-2.08627e-07;140.001;
3311.31;-2.1334e-07;140.001;
3388.44;-2.18151e-07;140.001;
3467.37;-2.23064e-07;140.001;
3548.13;-2.28078e-07;140.001;
3630.78;-2.33197e-07;140.001;
3715.35;-2.38421e-07;140.001;
3801.89;-2.43752e-07;140.001;
3890.45;-2.49191e-07;140.001;
3981.07;-2.54739e-07;140.001;
4073.8;-2.60399e-07;140.001;
4168.69;-2.66171e-07;140.001;
4265.8;-2.72056e-07;140.001;
4365.16;-2.78056e-07;140.001;
4466.84;-2.84171e-07;140.001;
4570.88;-2.90403e-07;140.001;
4677.35;-2.96753e-07;140.001;
4786.3;-3.0322e-07;140.001;
4897.79;-3.09807e-07;140.001;
5011.87;-3.16513e-07;140.001;
5128.61;-3.23339e-07;140.001;
5248.07;-3.30284e-07;140.001;
5370.32;-3.3735e-07;140.001;
5495.41;-3.44535e-07;140.001;
5623.41;-3.51839e-07;140.001;
5754.4;-3.59262e-07;140.001;
5888.44;-3.66803e-07;140.001;
6025.6;-3.7446e-07;140.001;
6165.95;-3.82231e-07;140.001;
6309.57;-3.90116e-07;140.001;
6456.54;-3.98112e-07;140.001;
6606.93;-4.06216e-07;140.001;
6760.83;-4.14426e-07;140.001;
6918.31;-4.22736e-07;140.001;
7079.46;-4.31145e-07;140.001;
7244.36;-4.39646e-07;140.001;
7413.1;-4.48235e-07;140.001;
7585.78;-4.56907e-07;140.001;
7762.47;-4.65653e-07;140.001;
7943.28;-4.74468e-07;140.001;
8128.31;-4.83342e-07;140.001;
8317.64;-4.92268e-07;140.001;
8511.38;-5.01235e-07;140.001;
8709.64;-5.10232e-07;140.001;
8912.51;-5.19247e-07;140.001;
9120.11;-5.28266e-07;140.001;
9332.54;-5.37276e-07;140.001;
9549.93;-5.4626e-07;140.001;
9772.37;-5.552e-07;140.001;
10000;-5.64079e-07;140.001;
10232.9;-5.72874e-07;140.001;
10471.3;-5.81563e-07;140.001;
10715.2;-5.90122e-07;140.001;
10964.8;-5.98524e-07;140.001;
11220.2;-6.06739e-07;140.001;
11481.5;-6.14736e-07;140.001;
11749;-6.2248e-07;140.001;
12022.6;-6.29935e-07;140.001;
12302.7;-6.37059e-07;140.001;
12589.3;-6.43809e-07;140.001;
12882.5;-6.50138e-07;140.001;
13182.6;-6.55995e-07;140.001;
13489.6;-6.61324e-07;140.001;
13803.8;-6.66065e-07;140.001;
14125.4;-6.70154e-07;140.001;
14454.4;-6.73521e-07;140.001;
14791.1;-6.76091e-07;140.001;
15135.6;-6.77783e-07;140.001;
15488.2;-6.78508e-07;140.001;
15848.9;-6.78174e-07;140.001;
16218.1;-6.76677e-07;140.001;
16595.9;-6.73909e-07;140.001;
16982.4;-6.69751e-07;140.001;
17378;-6.64076e-07;140.001;
17782.8;-6.56747e-07;140.001;
18197;-6.47617e-07;140.001;
18620.9;-6.36528e-07;140.001;
19054.6;-6.23308e-07;140.001;
19498.4;-6.07774e-07;140.001;
19952.6;-5.8973e-07;140.001;
20417.4;-5.68961e-07;140.001;
20893;-5.45242e-07;140.001;
21379.6;-5.18325e-07;140.001;
21877.6;-4.87949e-07;140.001;
22387.2;-4.53828e-07;140.001;
22908.7;-4.1566e-07;140.001;
23442.3;-3.73117e-07;140.001;
23988.3;-3.25848e-07;140.001;
24547.1;-2.73476e-07;140.001;
25118.9;-2.15595e-07;140.001;
25704;-1.51771e-07;140.001;
26302.7;-8.15366e-08;140.001;
26915.3;-4.39012e-09;140.001;
27542.3;8.02066e-08;140.001;
28183.8;1.72832e-07;140.001;
28840.3;2.74105e-07;140.001;
29512.1;3.84692e-07;140.001;
30199.5;5.05308e-07;140.001;
30903;6.36718e-07;140.001;
31622.8;7.79746e-07;140.001;
32359.4;9.35275e-07;140.001;
33113.1;1.10425e-06;140.001;
33884.4;1.28769e-06;140.001;
34673.7;1.48668e-06;140.001;
35481.3;1.70239e-06;140.001;
36307.8;1.93608e-06;140.001;
37153.5;2.18909e-06;140.001;
38018.9;2.46286e-06;140.001;
38904.5;2.75894e-06;140.001;
39810.7;3.07899e-06;140.001;
40738;3.42479e-06;140.001;
41686.9;3.79825e-06;140.001;
42658;4.20141e-06;140.001;
43651.6;4.63646e-06;140.001;
44668.4;5.10577e-06;140.001;
45708.8;5.61185e-06;140.001;
46773.5;6.1574e-06;140.001;
47863;6.74533e-06;140.001;
48977.9;7.37875e-06;140.001;
50118.7;8.06098e-06;140.001;
51286.1;8.79561e-06;140.001;
52480.7;9.58646e-06;140.001;
53703.2;1.04376e-05;140.001;
54954.1;1.13536e-05;140.001;
56234.1;1.23389e-05;140.001;
57544;1.33988e-05;140.001;
58884.4;1.45386e-05;140.001;
60256;1.57642e-05;140.001;
61659.5;1.70817e-05;140.001;
63095.7;1.84979e-05;140.001;
64565.4;2.00199e-05;140.001;
66069.3;2.16554e-05;140.001;
67608.3;2.34126e-05;140.001;
69183.1;2.53003e-05;140.001;
70794.6;2.7328e-05;140.001;
72443.6;2.95059e-05;140.001;
74131;3.18446e-05;140.001;
75857.8;3.4356e-05;140.001;
77624.7;3.70524e-05;140.001;
79432.8;3.99473e-05;140.001;
81283.1;4.30549e-05;140.001;
83176.4;4.63906e-05;140.001;
85113.8;4.99708e-05;140.001;
87096.4;5.38132e-05;140.001;
89125.1;5.79366e-05;140.001;
91201.1;6.23614e-05;140.001;
93325.4;6.71091e-05;140.001;
95499.3;7.22032e-05;140.001;
97723.7;7.76683e-05;140.001;
100000;8.35314e-05;140.001;
102329;8.9821e-05;140.001;
104713;9.65678e-05;140.001;
107152;0.000103805;140.001;
109648;0.000111567;140.001;
112202;0.000119892;140.001;
114815;0.00012882;140.001;
117490;0.000138396;140.001;
120226;0.000148664;140.001;
123027;0.000159676;140.001;
125893;0.000171484;140.001;
128825;0.000184145;140.001;
131826;0.000197722;140.001;
134896;0.000212279;140.001;
138038;0.000227886;140.001;
141254;0.00024462;140.001;
144544;0.000262561;140.001;
147911;0.000281795;140.001;
151356;0.000302415;140.001;
154882;0.000324521;140.001;
158489;0.000348219;140.001;
162181;0.000373624;140.001;
165959;0.000400857;140.001;
169824;0.000430049;140.001;
173780;0.000461342;140.001;
177828;0.000494885;140.001;
181970;0.00053084;140.001;
186209;0.000569379;140.001;
190546;0.000610688;140.001;
194984;0.000654966;140.001;
199526;0.000702423;140.001;
204174;0.00075329;140.001;
208930;0.000807809;140.001;
213796;0.000866242;140.001;
218776;0.000928869;140.001;
223872;0.000995992;140.001;
229087;0.00106793;140.001;
234423;0.00114503;140.001;
239883;0.00122766;140.001;
245471;0.00131622;140.001;
251189;0.00141113;140.001;
257040;0.00151285;140.001;
263027;0.00162186;140.001;
269153;0.00173868;140.001;
275423;0.00186388;140.001;
281838;0.00199805;140.001;
288403;0.00214184;140.001;
295121;0.00229593;140.001;
301995;0.00246107;140.001;
309030;0.00263803;140.001;
316228;0.00282768;140.001;
323594;0.00303091;140.001;
331131;0.0032487;140.001;
338844;0.00348209;140.001;
346737;0.0037322;140.001;
354813;0.00400022;140.001;
363078;0.00428743;140.001;
371535;0.00459521;140.001;
380189;0.00492503;140.001;
389045;0.00527846;140.001;
398107;0.0056572;140.001;
407380;0.00606306;140.001;
416869;0.00649797;140.001;
426580;0.00696402;140.001;
436516;0.00746343;140.001;
446684;0.00799859;140.001;
457088;0.00857206;140.001;
467735;0.00918657;140.001;
478630;0.00984506;140.001;
489779;0.0105507;140.001;
501187;0.0113068;140.001;
512861;0.0121171;140.001;
524807;0.0129853;140.001;
537032;0.0139156;140.001;
549541;0.0149126;140.001;
562341;0.0159809;140.001;
575440;0.0171256;140.001;
588844;0.0183522;140.001;
602560;0.0196666;140.001;
616595;0.0210751;140.001;
630957;0.0225843;140.001;
645654;0.0242016;140.001;
660693;0.0259345;140.001;
676083;0.0277914;140.001;
691831;0.0297812;140.001;
707946;0.0319133;140.001;
724436;0.034198;140.001;
741310;0.0366462;140.001;
758578;0.0392694;140.001;
776247;0.0420804;140.001;
794328;0.0450925;140.001;
812831;0.04832;140.001;
831764;0.0517785;140.001;
851138;0.0554843;140.001;
870964;0.0594553;140.001;
891251;0.0637103;140.001;
912011;0.0682698;140.001;
933254;0.0731554;140.001;
954993;0.0783905;140.001;
977237;0.0840001;140.001;
1e+06;0.090011;140.001;
1.02329e+06;0.0964519;140.001;
1.04713e+06;0.103354;140.001;
1.07152e+06;0.110749;140.002;
1.09648e+06;0.118673;140.002;
1.12202e+06;0.127164;140.002;
1.14815e+06;0.136263;140.002;
1.1749e+06;0.146013;140.002;
1.20226e+06;0.15646;140.002;
1.23027e+06;0.167654;140.002;
1.25893e+06;0.179649;140.002;
1.28825e+06;0.192502;140.002;
1.31826e+06;0.206274;140.002;
1.34896e+06;0.221032;140.002;
1.38038e+06;0.236845;140.002;
1.41254e+06;0.25379;140.002;
1.44544e+06;0.271947;140.002;
1.47911e+06;0.291402;140.002;
1.51356e+06;0.312249;140.002;
1.54882e+06;0.334588;140.002;
1.58489e+06;0.358525;140.002;
1.62181e+06;0.384174;140.002;
1.65959e+06;0.411658;140.003;
1.69824e+06;0.441108;140.003;
1.7378e+06;0.472664;140.003;
1.77828e+06;0.506478;140.003;
1.8197e+06;0.542712;140.003;
1.86209e+06;0.581537;140.003;
1.90546e+06;0.62314;140.003;
1.94984e+06;0.667719;140.003;
1.99526e+06;0.715487;140.003;
2.04174e+06;0.766672;140.003;
2.0893e+06;0.821519;140.003;
2.13796e+06;0.880289;140.004;
2.18776e+06;0.943264;140.004;
2.23872e+06;1.01074;140.004;
2.29087e+06;1.08305;140.004;
2.34423e+06;1.16053;140.004;
2.39883e+06;1.24355;140.004;
2.45471e+06;1.33251;140.004;
2.51189e+06;1.42783;140.004;
2.5704e+06;1.52997;140.004;
2.63027e+06;1.63942;140.004;
2.69153e+06;1.75668;140.004;
2.75423e+06;1.88234;140.004;
2.81838e+06;2.01697;140.004;
2.88403e+06;2.16123;140.004;
2.95121e+06;2.3158;140.003;
3.01995e+06;2.48141;140.003;
3.0903e+06;2.65884;140.002;
3.16228e+06;2.84895;140.002;
3.23594e+06;3.05262;140.001;
3.31131e+06;3.27081;140;
3.38844e+06;3.50456;139.999;
3.46737e+06;3.75496;139.998;
3.54813e+06;4.02319;139.996;
3.63078e+06;4.31048;139.995;
3.71535e+06;4.61819;139.992;
3.80189e+06;4.94772;139.99;
3.89045e+06;5.30059;139.987;
3.98107e+06;5.67841;139.983;
4.0738e+06;6.0829;139.979;
4.16869e+06;6.51585;139.974;
4.2658e+06;6.9792;139.968;
4.36516e+06;7.47497;139.961;
4.46684e+06;8.0053;139.953;
4.57088e+06;8.57243;139.943;
4.67735e+06;9.17874;139.933;
4.7863e+06;9.82667;139.92;
4.89779e+06;10.5188;139.905;
5.01187e+06;11.2577;139.888;
5.12861e+06;12.0462;139.868;
5.24807e+06;12.887;139.845;
5.37032e+06;13.7829;139.818;
5.49541e+06;14.7368;139.788;
5.62341e+06;15.7512;139.753;
5.7544e+06;16.8291;139.712;
5.88844e+06;17.9727;139.666;
6.0256e+06;19.1844;139.613;
6.16595e+06;20.4663;139.553;
6.30957e+06;21.8199;139.484;
6.45654e+06;23.2464;139.406;
6.60693e+06;24.7463;139.317;
6.76083e+06;26.3194;139.217;
6.91831e+06;27.9649;139.104;
7.07946e+06;29.6809;138.978;
7.24436e+06;31.4645;138.836;
7.4131e+06;33.3119;138.678;
7.58578e+06;35.2181;138.503;
7.76247e+06;37.177;138.309;
7.94328e+06;39.1814;138.097;
8.12831e+06;41.2234;137.864;
8.31764e+06;43.294;137.61;
8.51138e+06;45.3835;137.335;
8.70964e+06;47.4821;137.038;
8.91251e+06;49.5796;136.72;
9.12011e+06;51.6659;136.38;
9.33254e+06;53.7311;136.02;
9.54993e+06;55.7661;135.639;
9.77237e+06;57.7623;135.238;
1e+07;59.7122;134.818;
1.02329e+07;61.6092;134.381;
1.04713e+07;63.4479;133.927;
1.07152e+07;65.2237;133.458;
1.09648e+07;66.9334;132.974;
1.12202e+07;68.5748;132.477;
1.14815e+07;70.1464;131.968;
1.1749e+07;71.6477;131.448;
1.20226e+07;73.0791;130.918;
1.23027e+07;74.4413;130.38;
1.25893e+07;75.7359;129.834;
1.28825e+07;76.9645;129.281;
1.31826e+07;78.1294;128.721;
1.34896e+07;79.2331;128.157;
1.38038e+07;80.278;127.587;
1.41254e+07;81.267;127.013;
1.44544e+07;82.2028;126.436;
1.47911e+07;83.0882;125.856;
1.51356e+07;83.9261;125.272;
1.54882e+07;84.7191;124.686;
1.58489e+07;85.47;124.099;
1.62181e+07;86.1814;123.509;
1.65959e+07;86.8558;122.918;
1.69824e+07;87.4956;122.326;
1.7378e+07;88.1032;121.732;
1.77828e+07;88.6808;121.138;
1.8197e+07;89.2304;120.542;
1.86209e+07;89.7541;119.946;
1.90546e+07;90.2538;119.35;
1.94984e+07;90.7312;118.753;
1.99526e+07;91.188;118.156;
2.04174e+07;91.6259;117.558;
2.0893e+07;92.0463;116.96;
2.13796e+07;92.4506;116.362;
2.18776e+07;92.8402;115.764;
2.23872e+07;93.2163;115.166;
2.29087e+07;93.5801;114.568;
2.34423e+07;93.9327;113.97;
2.39883e+07;94.2752;113.371;
2.45471e+07;94.6084;112.773;
2.51189e+07;94.9334;112.175;
2.5704e+07;95.251;111.577;
2.63027e+07;95.5621;110.979;
2.69153e+07;95.8673;110.382;
2.75423e+07;96.1674;109.784;
2.81838e+07;96.4631;109.187;
2.88403e+07;96.7551;108.59;
2.95121e+07;97.0439;107.993;
3.01995e+07;97.3301;107.396;
3.0903e+07;97.6143;106.8;
3.16228e+07;97.8969;106.203;
3.23594e+07;98.1785;105.607;
3.31131e+07;98.4595;105.011;
3.38844e+07;98.7404;104.416;
3.46737e+07;99.0215;103.821;
3.54813e+07;99.3032;103.226;
3.63078e+07;99.586;102.631;
3.71535e+07;99.8701;102.037;
3.80189e+07;100.156;101.443;
3.89045e+07;100.444;100.849;
3.98107e+07;100.734;100.256;
4.0738e+07;101.027;99.6628;
4.16869e+07;101.323;99.0703;
4.2658e+07;101.622;98.4781;
4.36516e+07;101.924;97.8863;
4.46684e+07;102.23;97.295;
4.57088e+07;102.54;96.7041;
4.67735e+07;102.854;96.1137;
4.7863e+07;103.173;95.5238;
4.89779e+07;103.496;94.9343;
5.01187e+07;103.823;94.3454;
5.12861e+07;104.156;93.757;
5.24807e+07;104.494;93.1691;
5.37032e+07;104.837;92.5818;
5.49541e+07;105.186;91.9952;
5.62341e+07;105.54;91.4091;
5.7544e+07;105.9;90.8237;
5.88844e+07;106.266;90.2389;
6.0256e+07;106.639;89.6549;
6.16595e+07;107.017;89.0715;
6.30957e+07;107.402;88.489;
6.45654e+07;107.793;87.9071;
6.60693e+07;108.191;87.3261;
6.76083e+07;108.595;86.7459;
6.91831e+07;109.006;86.1666;
7.07946e+07;109.424;85.5882;
7.24436e+07;109.849;85.0107;
7.4131e+07;110.281;84.4341;
7.58578e+07;110.72;83.8586;
7.76247e+07;111.167;83.284;
7.94328e+07;111.62;82.7105;
8.12831e+07;112.081;82.1381;
8.31764e+07;112.549;81.5669;
8.51138e+07;113.025;80.9968;
8.70964e+07;113.507;80.4279;
8.91251e+07;113.997;79.8603;
9.12011e+07;114.495;79.2939;
9.33254e+07;114.999;78.7288;
9.54993e+07;115.511;78.1652;
9.77237e+07;116.03;77.6029;
1e+08;116.557;77.042;
1.02329e+08;117.09;76.4827;
1.04713e+08;117.631;75.9248;
1.07152e+08;118.178;75.3685;
1.09648e+08;118.732;74.8139;
1.12202e+08;119.293;74.2608;
1.14815e+08;119.861;73.7095;
1.1749e+08;120.436;73.1598;
1.20226e+08;121.016;72.612;
1.23027e+08;121.603;72.0659;
1.25893e+08;122.196;71.5217;
1.28825e+08;122.795;70.9793;
1.31826e+08;123.399;70.4389;
1.34896e+08;124.009;69.9004;
1.38038e+08;124.624;69.3639;
1.41254e+08;125.244;68.8294;
1.44544e+08;125.868;68.2969;
1.47911e+08;126.497;67.7666;
1.51356e+08;127.131;67.2383;
1.54882e+08;127.768;66.7122;
1.58489e+08;128.409;66.1882;
1.62181e+08;129.053;65.6664;
1.65959e+08;129.701;65.1469;
1.69824e+08;130.351;64.6295;
1.7378e+08;131.003;64.1144;
1.77828e+08;131.658;63.6016;
1.8197e+08;132.314;63.0911;
1.86209e+08;132.971;62.5828;
1.90546e+08;133.63;62.0768;
1.94984e+08;134.289;61.5731;
1.99526e+08;134.949;61.0717;
2.04174e+08;135.609;60.5727;
2.0893e+08;136.268;60.0759;
2.13796e+08;136.927;59.5814;
2.18776e+08;137.585;59.0892;
2.23872e+08;138.241;58.5993;
2.29087e+08;138.896;58.1117;
2.34423e+08;139.548;57.6264;
2.39883e+08;140.198;57.1433;
2.45471e+08;140.846;56.6624;
2.51189e+08;141.49;56.1837;
2.5704e+08;142.131;55.7072;
2.63027e+08;142.769;55.2329;
2.69153e+08;143.402;54.7607;
2.75423e+08;144.032;54.2906;
2.81838e+08;144.657;53.8227;
2.88403e+08;145.277;53.3567;
2.95121e+08;145.892;52.8928;
3.01995e+08;146.502;52.4309;
3.0903e+08;147.106;51.9709;
3.16228e+08;147.705;51.5128;
3.23594e+08;148.298;51.0566;
3.31131e+08;148.885;50.6023;
3.38844e+08;149.465;50.1498;
3.46737e+08;150.039;49.699;
3.54813e+08;150.607;49.25;
3.63078e+08;151.168;48.8026;
3.71535e+08;151.722;48.3569;
3.80189e+08;152.269;47.9128;
3.89045e+08;152.808;47.4702;
3.98107e+08;153.341;47.0292;
4.0738e+08;153.866;46.5896;
4.16869e+08;154.384;46.1515;
4.2658e+08;154.895;45.7148;
4.36516e+08;155.398;45.2795;
4.46684e+08;155.894;44.8455;
4.57088e+08;156.382;44.4127;
4.67735e+08;156.862;43.9812;
4.7863e+08;157.335;43.5509;
4.89779e+08;157.801;43.1218;
5.01187e+08;158.258;42.6938;
5.12861e+08;158.708;42.2669;
5.24807e+08;159.151;41.841;
5.37032e+08;159.586;41.4162;
5.49541e+08;160.014;40.9923;
5.62341e+08;160.434;40.5694;
5.7544e+08;160.846;40.1474;
5.88844e+08;161.251;39.7263;
6.0256e+08;161.649;39.3061;
6.16595e+08;162.04;38.8867;
6.30957e+08;162.423;38.468;
6.45654e+08;162.8;38.0502;
6.60693e+08;163.169;37.633;
6.76083e+08;163.531;37.2166;
6.91831e+08;163.886;36.8009;
7.07946e+08;164.234;36.3858;
7.24436e+08;164.576;35.9713;
7.4131e+08;164.911;35.5575;
7.58578e+08;165.239;35.1442;
7.76247e+08;165.561;34.7315;
7.94328e+08;165.876;34.3193;
8.12831e+08;166.185;33.9076;
8.31764e+08;166.488;33.4965;
8.51138e+08;166.785;33.0858;
8.70964e+08;167.075;32.6756;
8.91251e+08;167.36;32.2658;
9.12011e+08;167.639;31.8564;
9.33254e+08;167.912;31.4474;
9.54993e+08;168.179;31.0388;
9.77237e+08;168.441;30.6306;
1e+09;168.697;30.2228;
1.02329e+09;168.948;29.8153;
1.04713e+09;169.194;29.4081;
1.07152e+09;169.434;29.0012;
1.09648e+09;169.669;28.5946;
1.12202e+09;169.899;28.1883;
1.14815e+09;170.125;27.7823;
1.1749e+09;170.345;27.3765;
1.20226e+09;170.561;26.971;
1.23027e+09;170.772;26.5658;
1.25893e+09;170.979;26.1607;
1.28825e+09;171.181;25.7559;
1.31826e+09;171.378;25.3513;
1.34896e+09;171.572;24.9469;
1.38038e+09;171.761;24.5427;
1.41254e+09;171.946;24.1387;
1.44544e+09;172.127;23.7349;
1.47911e+09;172.304;23.3312;
1.51356e+09;172.477;22.9277;
1.54882e+09;172.646;22.5243;
1.58489e+09;172.812;22.1211;
1.62181e+09;172.974;21.7181;
1.65959e+09;173.132;21.3152;
1.69824e+09;173.287;20.9124;
1.7378e+09;173.439;20.5097;
1.77828e+09;173.587;20.1071;
1.8197e+09;173.732;19.7047;
1.86209e+09;173.873;19.3024;
1.90546e+09;174.012;18.9001;
1.94984e+09;174.147;18.498;
1.99526e+09;174.279;18.096;
2.04174e+09;174.409;17.694;
2.0893e+09;174.535;17.2922;
2.13796e+09;174.659;16.8904;
2.18776e+09;174.78;16.4887;
2.23872e+09;174.898;16.0871;
2.29087e+09;175.013;15.6855;
2.34423e+09;175.126;15.2841;
2.39883e+09;175.237;14.8827;
2.45471e+09;175.344;14.4813;
2.51189e+09;175.45;14.08;
2.5704e+09;175.553;13.6788;
2.63027e+09;175.654;13.2776;
2.69153e+09;175.752;12.8765;
2.75423e+09;175.849;12.4754;
2.81838e+09;175.943;12.0744;
2.88403e+09;176.035;11.6734;
2.95121e+09;176.125;11.2725;
3.01995e+09;176.213;10.8716;
3.0903e+09;176.299;10.4707;
3.16228e+09;176.383;10.0699;
3.23594e+09;176.465;9.66914;
3.31131e+09;176.545;9.2684;
3.38844e+09;176.623;8.86769;
3.46737e+09;176.7;8.46701;
3.54813e+09;176.775;8.06636;
3.63078e+09;176.848;7.66574;
3.71535e+09;176.92;7.26515;
3.80189e+09;176.99;6.86459;
3.89045e+09;177.058;6.46405;
3.98107e+09;177.125;6.06353;
4.0738e+09;177.19;5.66304;
4.16869e+09;177.254;5.26257;
4.2658e+09;177.316;4.86212;
4.36516e+09;177.377;4.4617;
4.46684e+09;177.437;4.06129;
4.57088e+09;177.495;3.6609;
4.67735e+09;177.552;3.26052;
4.7863e+09;177.607;2.86017;
4.89779e+09;177.662;2.45983;
5.01187e+09;177.715;2.0595;
5.12861e+09;177.767;1.65919;
5.24807e+09;177.818;1.25889;
5.37032e+09;177.867;0.858611;
5.49541e+09;177.916;0.458341;
5.62341e+09;177.963;0.0580826;
5.7544e+09;178.009;-0.342164;
5.88844e+09;178.054;-0.7424;
6.0256e+09;178.098;-1.14262;
6.16595e+09;178.142;-1.54284;
6.30957e+09;178.184;-1.94304;
6.45654e+09;178.225;-2.34324;
6.60693e+09;178.265;-2.74343;
6.76083e+09;178.305;-3.14361;
6.91831e+09;178.343;-3.54378;
7.07946e+09;178.381;-3.94394;
7.24436e+09;178.418;-4.3441;
7.4131e+09;178.453;-4.74425;
7.58578e+09;178.489;-5.14439;
7.76247e+09;178.523;-5.54452;
7.94328e+09;178.556;-5.94465;
8.12831e+09;178.589;-6.34478;
8.31764e+09;178.621;-6.74489;
8.51138e+09;178.652;-7.14501;
8.70964e+09;178.683;-7.54511;
8.91251e+09;178.713;-7.94522;
9.12011e+09;178.742;-8.34532;
9.33254e+09;178.77;-8.74541;
9.54993e+09;178.798;-9.1455;
9.77237e+09;178.826;-9.54559;
1e+10;178.852;-9.94567;
1.02329e+10;178.878;-10.3457;
1.04713e+10;178.904;-10.7458;
1.07152e+10;178.928;-11.1459;
1.09648e+10;178.953;-11.546;
1.12202e+10;178.976;-11.946;
1.14815e+10;178.999;-12.3461;
1.1749e+10;179.022;-12.7461;
1.20226e+10;179.044;-13.1462;
1.23027e+10;179.066;-13.5463;
1.25893e+10;179.087;-13.9463;
1.28825e+10;179.107;-14.3464;
1.31826e+10;179.128;-14.7464;
1.34896e+10;179.147;-15.1464;
1.38038e+10;179.167;-15.5465;
1.41254e+10;179.185;-15.9465;
1.44544e+10;179.204;-16.3466;
1.47911e+10;179.222;-16.7466;
1.51356e+10;179.239;-17.1466;
1.54882e+10;179.256;-17.5467;
1.58489e+10;179.273;-17.9467;
1.62181e+10;179.289;-18.3467;
1.65959e+10;179.305;-18.7468;
1.69824e+10;179.321;-19.1468;
1.7378e+10;179.336;-19.5468;
1.77828e+10;179.351;-19.9469;
1.8197e+10;179.366;-20.3469;
1.86209e+10;179.38;-20.7469;
1.90546e+10;179.394;-21.1469;
1.94984e+10;179.407;-21.5469;
1.99526e+10;179.42;-21.947;
2.04174e+10;179.433;-22.347;
2.0893e+10;179.446;-22.747;
2.13796e+10;179.458;-23.147;
2.18776e+10;179.47;-23.547;
2.23872e+10;179.482;-23.9471;
2.29087e+10;179.494;-24.3471;
2.34423e+10;179.505;-24.7471;
2.39883e+10;179.516;-25.1471;
2.45471e+10;179.526;-25.5471;
2.51189e+10;179.537;-25.9471;
2.5704e+10;179.547;-26.3471;
2.63027e+10;179.557;-26.7472;
2.69153e+10;179.567;-27.1472;
2.75423e+10;179.576;-27.5472;
2.81838e+10;179.586;-27.9472;
2.88403e+10;179.595;-28.3472;
2.95121e+10;179.604;-28.7472;
3.01995e+10;179.612;-29.1472;
3.0903e+10;179.621;-29.5472;
3.16228e+10;179.629;-29.9472;
3.23594e+10;179.637;-30.3472;
3.31131e+10;179.645;-30.7472;
3.38844e+10;179.652;-31.1473;
3.46737e+10;179.66;-31.5473;
3.54813e+10;179.667;-31.9473;
3.63078e+10;179.674;-32.3473;
3.71535e+10;179.681;-32.7473;
3.80189e+10;179.688;-33.1473;
3.89045e+10;179.695;-33.5473;
3.98107e+10;179.701;-33.9473;
4.0738e+10;179.707;-34.3473;
4.16869e+10;179.713;-34.7473;
4.2658e+10;179.719;-35.1473;
4.36516e+10;179.725;-35.5473;
4.46684e+10;179.731;-35.9473;
4.57088e+10;179.736;-36.3473;
4.67735e+10;179.742;-36.7473;
4.7863e+10;179.747;-37.1473;
4.89779e+10;179.752;-37.5473;
5.01187e+10;179.757;-37.9473;
5.12861e+10;179.762;-38.3473;
5.24807e+10;179.767;-38.7473;
5.37032e+10;179.771;-39.1473;
5.49541e+10;179.776;-39.5473;
5.62341e+10;179.78;-39.9473;
5.7544e+10;179.785;-40.3473;
5.88844e+10;179.789;-40.7474;
6.0256e+10;179.793;-41.1474;
6.16595e+10;179.797;-41.5474;
6.30957e+10;179.8;-41.9474;
6.45654e+10;179.804;-42.3474;
6.60693e+10;179.808;-42.7474;
6.76083e+10;179.811;-43.1474;
6.91831e+10;179.815;-43.5474;
7.07946e+10;179.818;-43.9474;
7.24436e+10;179.821;-44.3474;
7.4131e+10;179.824;-44.7474;
7.58578e+10;179.827;-45.1474;
7.76247e+10;179.83;-45.5474;
7.94328e+10;179.833;-45.9474;
8.12831e+10;179.836;-46.3474;
8.31764e+10;179.838;-46.7474;
8.51138e+10;179.841;-47.1474;
8.70964e+10;179.844;-47.5474;
8.91251e+10;179.846;-47.9474;
9.12011e+10;179.848;-48.3474;
9.33254e+10;179.851;-48.7474;
9.54993e+10;179.853;-49.1474;
9.77237e+10;179.855;-49.5474;
1e+11;179.857;-49.9474;
1.02329e+11;179.859;-50.3474;
1.04713e+11;179.861;-50.7474;
1.07152e+11;179.862;-51.1474;
1.09648e+11;179.864;-51.5474;
1.12202e+11;179.866;-51.9474;
1.14815e+11;179.867;-52.3474;
1.1749e+11;179.869;-52.7474;
1.20226e+11;179.87;-53.1474;
1.23027e+11;179.872;-53.5474;
1.25893e+11;179.873;-53.9474;
1.28825e+11;179.874;-54.3474;
1.31826e+11;179.875;-54.7474;
1.34896e+11;179.876;-55.1474;
1.38038e+11;179.877;-55.5474;
1.41254e+11;179.878;-55.9474;
1.44544e+11;179.879;-56.3474;
1.47911e+11;179.88;-56.7474;
1.51356e+11;179.881;-57.1474;
1.54882e+11;179.882;-57.5474;
1.58489e+11;179.882;-57.9474;
1.62181e+11;179.883;-58.3474;
1.65959e+11;179.883;-58.7474;
1.69824e+11;179.884;-59.1474;
1.7378e+11;179.884;-59.5474;
1.77828e+11;179.885;-59.9474;
1.8197e+11;179.885;-60.3474;
1.86209e+11;179.885;-60.7474;
1.90546e+11;179.885;-61.1474;
1.94984e+11;179.885;-61.5474;
1.99526e+11;179.885;-61.9474;
2.04174e+11;179.885;-62.3474;
2.0893e+11;179.885;-62.7474;
2.13796e+11;179.885;-63.1474;
2.18776e+11;179.885;-63.5474;
2.23872e+11;179.885;-63.9474;
2.29087e+11;179.884;-64.3474;
2.34423e+11;179.884;-64.7474;
2.39883e+11;179.884;-65.1474;
2.45471e+11;179.883;-65.5474;
2.51189e+11;179.882;-65.9474;
2.5704e+11;179.882;-66.3474;
2.63027e+11;179.881;-66.7474;
2.69153e+11;179.88;-67.1474;
2.75423e+11;179.879;-67.5474;
2.81838e+11;179.879;-67.9474;
2.88403e+11;179.878;-68.3474;
2.95121e+11;179.877;-68.7474;
3.01995e+11;179.876;-69.1474;
3.0903e+11;179.874;-69.5474;
3.16228e+11;179.873;-69.9474;
3.23594e+11;179.872;-70.3474;
3.31131e+11;179.871;-70.7474;
3.38844e+11;179.869;-71.1474;
3.46737e+11;179.868;-71.5474;
3.54813e+11;179.866;-71.9474;
3.63078e+11;179.864;-72.3474;
3.71535e+11;179.863;-72.7474;
3.80189e+11;179.861;-73.1474;
3.89045e+11;179.859;-73.5474;
3.98107e+11;179.857;-73.9474;
4.0738e+11;179.855;-74.3474;
4.16869e+11;179.853;-74.7474;
4.2658e+11;179.851;-75.1474;
4.36516e+11;179.849;-75.5474;
4.46684e+11;179.846;-75.9474;
4.57088e+11;179.844;-76.3474;
4.67735e+11;179.841;-76.7474;
4.7863e+11;179.839;-77.1474;
4.89779e+11;179.836;-77.5474;
5.01187e+11;179.833;-77.9474;
5.12861e+11;179.831;-78.3474;
5.24807e+11;179.828;-78.7474;
5.37032e+11;179.825;-79.1474;
5.49541e+11;179.822;-79.5474;
5.62341e+11;179.818;-79.9474;
5.7544e+11;179.815;-80.3474;
5.88844e+11;179.812;-80.7474;
6.0256e+11;179.808;-81.1474;
6.16595e+11;179.805;-81.5474;
6.30957e+11;179.801;-81.9474;
6.45654e+11;179.797;-82.3474;
6.60693e+11;179.793;-82.7474;
6.76083e+11;179.789;-83.1474;
6.91831e+11;179.785;-83.5473;
7.07946e+11;179.781;-83.9473;
7.24436e+11;179.777;-84.3473;
7.4131e+11;179.772;-84.7473;
7.58578e+11;179.767;-85.1473;
7.76247e+11;179.763;-85.5473;
7.94328e+11;179.758;-85.9473;
8.12831e+11;179.753;-86.3473;
8.31764e+11;179.748;-86.7473;
8.51138e+11;179.743;-87.1473;
8.70964e+11;179.737;-87.5473;
8.91251e+11;179.732;-87.9473;
9.12011e+11;179.726;-88.3473;
9.33254e+11;179.72;-88.7473;
9.54993e+11;179.714;-89.1473;
9.77237e+11;179.708;-89.5473;
1e+12;179.702;-89.9473;
